id,ts_local,series,event,station,threshold,side,price_paid_c,count,entry_bid,entry_ask,entry_mtd,needs_in,note,result,pnl_c
1,2026-07-24 14:13,KXRAINMIAM,KXRAINMIAM-26JUL,MIA,4.0,yes,60,1,57,67,2.67,1.33,PAPER Tier3: model 70% vs mkt 60c (+10c). Testing if ensemble delta predicts; NOT a real bet,yes,40
2,2026-07-27 20:35,KXRAINMIAM,KXRAINMIAM-26JUL,,5.0,yes,30,1,,30,4.70,0.30,AUTO Tier3 model 93% vs 30c (+63c),no,-30
3,2026-07-27 20:35,KXRAINCHIM,KXRAINCHIM-26JUL,,7.0,yes,20,1,,20,6.13,0.87,AUTO Tier3 model 32% vs 20c (+12c),no,-20
4,2026-07-28 16:25,KXRAINSTPM,KXRAINSTPM-26JUL,,9.0,yes,36,1,,36,7.40,1.60,AUTO Tier3 model 46% vs 36c (+10c),no,-36
5,2026-07-28 16:25,KXRAINSTPM,KXRAINSTPM-26JUL,,10.0,yes,8,1,,8,7.40,2.60,AUTO Tier3 model 25% vs 8c (+17c),no,-8
6,2026-07-30 07:41,KXRAINDENM,KXRAINDENM-26JUL,,1.0,yes,73,1,,73,0.98,0.02,AUTO Tier3 model 90% vs 73c (+17c),no,-73
7,2026-07-30 13:17,KXRAINSTPM,KXRAINSTPM-26JUL,,8.0,yes,68,1,,68,7.54,0.46,AUTO Tier3 model 79% vs 68c (+11c),no,-68
8,2026-07-31 20:50,KXRAINDENM,KXRAINDENM-26JUL,,1.0,yes,22,1,,22,1.00,0.00,AUTO Tier2 APPROACH raining 0.01in/hr,no,-22
9,2026-08-01 00:11,KXRAINNYCM,KXRAINNYCM-26JUL,,5.0,yes,13,1,,13,4.89,0.11,AUTO Tier2 APPROACH raining 0.03in/hr,no,-13
10,2026-08-01 08:42,KXRAINMIAM,KXRAINMIAM-26AUG,,5.0,yes,87,1,,87,4.85,0.15,AUTO Tier3 model 100% vs 87c (+13c),,
11,2026-08-01 08:42,KXRAINMIAM,KXRAINMIAM-26AUG,,6.0,yes,69,1,,69,4.85,1.15,AUTO Tier3 model 80% vs 69c (+11c),,
12,2026-08-01 08:42,KXRAINDENM,KXRAINDENM-26AUG,,1.0,yes,51,1,,51,1.00,0.00,AUTO Tier3 model 82% vs 51c (+31c),,
13,2026-08-01 20:02,KXRAINCHIM,KXRAINCHIM-26AUG,,7.0,yes,29,1,,29,6.19,0.81,AUTO Tier3 model 100% vs 29c (+71c),,
14,2026-08-03 22:37,KXRAINMIAM,KXRAINMIAM-26AUG,,10.0,yes,23,1,,23,2.97,7.03,"AUTO Tier4 SURPRISE-LAG +0.17in vs forecast, was 23c",,
15,2026-08-03 22:37,KXRAINNYCM,KXRAINNYCM-26AUG,,4.0,yes,91,1,,91,3.87,0.13,AUTO Tier3 model 100% vs 91c (+9c),,
